﻿{
    "LANGUAGE_DEFAULT": "eng",
    "PREFIX_DEFAULT": "$dummenutte",
    "ERROR_PERMISSION": "<:VoteNo:539236909042630666>| Sie haben nicht genügend Rechte für diesen Command.",
    "ERROR_PERMISSION_&REASON": "<:VoteNo:539236909042630666>| Sie haben nicht genügend Rechte für diesen Command. {0}.",   
    "ONo": "<:VoteNo:539236909042630666>|",
    "OError" : "<:VoteNo:539236909042630666>| Es ist ein unerwarteter Fehler aufgetreten. Bitte überprüfen Sie ihre Eingabe und versuchen Sie es erneut.",
    "OYes": "<:VoteYes:539236909109739570>|",
    "SECRET": "CD45GF"
}