﻿{
    "ALLES VERALTET": "v",
    "ERROR_PERMISSION": "<:VoteNo:539236909042630666>| Sie haben nicht genügend Rechte für diesen Command.",
    "ERROR_PERMISSION_&REASON": "<:VoteNo:539236909042630666>| Sie haben nicht genügend Rechte für diesen Command. {0}.",   
    "ONo": "<:VoteNo:539236909042630666>|",
    "OError" : "<:VoteNo:539236909042630666>| Es ist ein unerwarteter Fehler aufgetreten. Bitte überprüfen Sie ihre Eingabe und versuchen Sie es erneut.",
    "OYes": "<:VoteYes:539236909109739570>|",
    "SECRET": "CD45GF",
    "VERALTET": "^",









    "COMMAND_signUp": "signUp",
    
    "COMMAND_guildAdmin-setPrefix": "a setPrefix [prefix]",
    "COMMAND_guildAdmin-skipServerDialogue": "a skipDialogue",

    "COMMAND_help": "help",
    
    "COMMAND_help-specificCommand": "help ([command])",
    "COMMAND_help-specificCategory": "help [category]",
    "COMMAND_help-setPrefix": "help b setPrefix",
    
    "COMMAND_miscellaneous-?privacy": "m ?privacy",
    


    "OTHER_help-generalHelp-category-botAdmin": "botAdmin",
    "OTHER_help-generalHelp-category-guildAdmin": "admin",
    "OTHER_help-generalHelp-category-profile": "profile",
    "OTHER_help-generalHelp-category-inventory": "inventory",
    "OTHER_help-generalHelp-category-game": "game",
    "OTHER_help-generalHelp-category-miscellaneous": "miscellaneous",
    "OTHER_help-generalHelp-category-help": "help",
    "OTHER_help-categoryHelp-categories": "all|botAdmin|b|serverAdmin|guildAdmin|a|..............................",
    


    "EMOTE_abc": "🔡",
    "EMOTE_server": "<:Server:679724956656861387>",
    "EMOTE_saveFile": "<:SaveFile:679807476140474441>",
    "EMOTE_userSilhouette": "👤",
    "EMOTE_userSilhouettes": "👥",
    
    "EMOTE_true": "<:AE_VoteYes:682029696837615626>",
    "EMOTE_false": "<:AE_VoteNo:682029697596391434>",
    "EMOTE_success": "<:AE_VoteYes:682029696837615626>",
    "EMOTE_error": "<:AE_VoteNo:682029697596391434>",

    "EMOTE_levelTrue": "<:AE_LevelTrue:682029696413991054>",
    "EMOTE_levelHalf": "<:AE_LevelHalf:732414803871793162>",
    "EMOTE_levelFalse": "<:AE_LevelFalse:682029696757792799>",

    "EMOTE_saluteRightRed": "<:AE_SaluteRed:728377883277393920>",

    "EMOTE_question-mark": "❓",
    "EMOTE_exclamation-mark":"❗"

}