{
    "TEST": "engliiisch",
    "TEST2": "gay",

    "ERROR01": "Sorry, there happened to be an error",
    "ERROR_Permission": "You do not have permissions to do that!",






    "a-dialogue-1_&COMMAND": "It seems like you just invited the bot. There will be a little dialogue to help you set this bot up. You can also type {0} to skip the set-up-dialogue",
    "a-dialogue-help-description": "From now on, the help command will give you an overview over all commands and instructions on how to use them",
    "a-dialogue-setPrefix-description_&PREFIX": "The prefix is the sign or word you use in front of any command (right now: {0}) to tell the bot that you are speaking to him. With the mentioned command, you can change it. Do that to carry on with the dialogue. (You can also just type in the current prefix, if you want to keep it)",
    "a-dialogue-hint": "Hint",
    "a-dialogue-hint-description_&COMMAND": "You can type {0} to get more information about the command",

    "a-SetPrefix-Success_&PREFIX": "Successfully set {0} as prefix",

    "a-dialogue-0-embed-title": "What commands are there?",
    "a-dialogue-0-embed-description": "It looks like you just invited this bot. The first step is to get to know the basics. ",
    



    "p-SetLanguage-Success_&LANGUAGE": "Successfully set {0} as language",
    "p-SendAccountCreationSuccessNotification-embed-title": "Success",
    "p-SendAccountCreationSuccessNotification-embed-description_&COMMAND": "Your account was created. To learn more about which of your data we store and how you can delete your Alpha-account, please type in {0}",
    "p-SendAccountFindingFailureNotification-embed-title": "Notice",
    "p-SendAccountFindingFailureNotification-embed-description_&COMMAND": "The user you just tagged has not created an Alpha-account yet. They have to use the {0} or any other command first",
    "p-SendAccountNotCreatedYetNotification-embed-title": "Notice",
    "p-SendAccountNotCreatedYetNotification-embed-description_&COMMAND": "You have not created an account yet. Type in {0} to do so or find out more about which of your data we store and how you can control and regulate this with {1}",

    "p-dialogue-0-embed-title": "What commands are there?",
    "p-dialogue-0-embed-description1": "It looks like you just created your account. The first step is to get to know the basics. ",
    "p-dialogue-0-embed-description2_&COMMAND": "Type in {0} to get an overview of all functions",
    
    "p-dialogue-1-embed-title": "What level am I?",
    "p-dialogue-1-embed-description_&COMMAND_&COMMAND": "As you can see, the commands are split into categories to keep it all clearer. With {0} you get a more detailed list with little descriptions but you can also type in {1} to get specific help for one command. Now it's onto you to find and use the command which shows your level, profile picture and money",
    
    "p-dialogue-2-embed-title": "",
    "p-dialogue-2-embed-description": "",



    "h-generalHelp-embed-description_&COMMAND": "The commands are divided into categories. To get more precise help, type in {0}",
    "h-generalHelp-embed-botAdminField-value": "beep boop secret",
    "h-generalHelp-embed-guildAdminField-value": "",
    "h-generalHelp-embed-profileField-value": "",
    "h-generalHelp-embed-inventoryField-value": "",
    "h-generalHelp-embed-gameField-value": "",
    "h-generalHelp-embed-miscellaneousField-value": "",
    "h-generalHelp-embed-helpField-value": "",

    "h-categoryHelp-embed-title__&COMMAND": "",
    "h-categoryHelp-embed-description_&COMMAND": "To get more specific command help, type in {0}",

    "h-commandError": "Command not found",
    "h-commandError-description": "It seems like you misspelled the error or there is an internal problem. Did you make sure to type the whole command and not an alias?",
    "h-commandSyntax": "Syntax",
    "h-commandExample": "Example",
    "h-commandAliases": "Aliases",

    "h-commandDescription-p language": "This profile command sets your account language. It also tells you, if a certain language is available. This bot is using the `ISO-639-2-Codes` (3-letter-language-codes)",
    "h-commandArgument1-p language": "ISO-639-2-Code"        
}