{
  "bot_version": "2",
  "bot_token": "NTIwMzA5MjYxMzk4NTczMDg3.DusSvw.W4XoTnDE-yaroOFjBNLaOw_OJI8",
  "bot_ID": 520309261398573087,
  "bot_Admins": "372374683670020096|393857737986932736",
  "guild_main": 520251669615869952,
  "guild_default_language": "eng",
  "guild_default_prefix": "$",
  "channel_vConsole_important": 679706828015272035, 
  "channel_vConsole_casual": 679707615877791796,
  "error_CacheLimit": 10,
  "userAccount_default_profilepicture": "https://raw.githubusercontent.com/AsderPNH/AlphaBot/Icons/Icon_Alpha01.png",
  "userAccount_commandsUsed_lowBorder": 20,
  "userAccount_unknownCommandsWhileAutoPrefix_limit": 10
}