[
  {
    "parts": [],
    "Username": "Λlpha",
    "ID": 520309261398573087,
    "DialogueProgress": 0,
    "CommandsUsed": 0,
    "Language": null,
    "DateOfBirth": "2020-07-14T02:11:41.2155208+02:00",
    "DateOfJoin": "0001-01-01T00:00:00",
    "Restriction": 0,
    "Points": 0,
    "Currency": 500.0,
    "Level": 0,
    "XP": 0,
    "TLastMessage": 61,
    "TLastDaily": 0,
    "NDailySeries": 0,
    "NDailyPermanentSeries": 0,
    "NDailyHighestSeries": 0,
    "Sex": "",
    "DoB": "",
    "DoJ": "",
    "PP": "https://cdn.discordapp.com/attachments/520251669615869954/537365739351310338/530239845625495553.png",
    "Hex1": 0,
    "Hex2": 191,
    "Hex3": 255,
    "Alpha": 0,
    "MembershipPluses": 0,
    "TimeEvent": 0,
    "CacheStatus": 1,
    "TradingStatus": 0,
    "NotificationStatus": 1,
    "StoreCurrency": 0,
    "StoreID": 0,
    "RequestingPartnerID": 0,
    "CacheRequestingPartnerID": 0,
    "WantedPartnerID": 0,
    "WantedObjectID": 0,
    "OwnObjectID": 0,
    "CurrencyMinus": 0.0,
    "ItemMinus": 0
  },
  {
    "parts": [],
    "Username": "AsderPNH",
    "ID": 372374683670020096,
    "DialogueProgress": 0,
    "CommandsUsed": 0,
    "Language": "eng",
    "DateOfBirth": "0001-01-01T00:00:00",
    "DateOfJoin": "0001-01-01T00:00:00",
    "Restriction": 0,
    "Points": 0,
    "Currency": 540.0,
    "Level": 2,
    "XP": 247,
    "TLastMessage": 35,
    "TLastDaily": 0,
    "NDailySeries": 0,
    "NDailyPermanentSeries": 0,
    "NDailyHighestSeries": 0,
    "Sex": "",
    "DoB": "",
    "DoJ": "",
    "PP": "https://cdn.discordapp.com/attachments/520251669615869954/537365739351310338/530239845625495553.png",
    "Hex1": 0,
    "Hex2": 191,
    "Hex3": 255,
    "Alpha": 0,
    "MembershipPluses": 0,
    "TimeEvent": 0,
    "CacheStatus": 1,
    "TradingStatus": 0,
    "NotificationStatus": 1,
    "StoreCurrency": 0,
    "StoreID": 0,
    "RequestingPartnerID": 0,
    "CacheRequestingPartnerID": 0,
    "WantedPartnerID": 0,
    "WantedObjectID": 0,
    "OwnObjectID": 0,
    "CurrencyMinus": 0.0,
    "ItemMinus": 0
  },
  {
    "parts": [],
    "Username": "HItzMaik08awk",
    "ID": 393857737986932736,
    "DialogueProgress": 0,
    "CommandsUsed": 0,
    "Language": "eng",
    "DateOfBirth": "0001-01-01T00:00:00",
    "DateOfJoin": "0001-01-01T00:00:00",
    "Restriction": 0,
    "Points": 0,
    "Currency": 500.0,
    "Level": 0,
    "XP": 18,
    "TLastMessage": 5,
    "TLastDaily": 0,
    "NDailySeries": 0,
    "NDailyPermanentSeries": 0,
    "NDailyHighestSeries": 0,
    "Sex": "",
    "DoB": "",
    "DoJ": "",
    "PP": "https://cdn.discordapp.com/attachments/520251669615869954/537365739351310338/530239845625495553.png",
    "Hex1": 0,
    "Hex2": 191,
    "Hex3": 255,
    "Alpha": 0,
    "MembershipPluses": 0,
    "TimeEvent": 0,
    "CacheStatus": 1,
    "TradingStatus": 0,
    "NotificationStatus": 1,
    "StoreCurrency": 0,
    "StoreID": 0,
    "RequestingPartnerID": 0,
    "CacheRequestingPartnerID": 0,
    "WantedPartnerID": 0,
    "WantedObjectID": 0,
    "OwnObjectID": 0,
    "CurrencyMinus": 0.0,
    "ItemMinus": 0
  },
  {
    "parts": [],
    "Username": "Linaoderso",
    "ID": 535913779557564468,
    "DialogueProgress": 0,
    "CommandsUsed": 0,
    "Language": "",
    "DateOfBirth": "0001-01-01T00:00:00",
    "DateOfJoin": "0001-01-01T00:00:00",
    "Restriction": 0,
    "Points": 0,
    "Currency": 500.0,
    "Level": 0,
    "XP": 21,
    "TLastMessage": 2,
    "TLastDaily": 0,
    "NDailySeries": 0,
    "NDailyPermanentSeries": 0,
    "NDailyHighestSeries": 0,
    "Sex": "",
    "DoB": "",
    "DoJ": "",
    "PP": "https://cdn.discordapp.com/attachments/520251669615869954/537365739351310338/530239845625495553.png",
    "Hex1": 0,
    "Hex2": 191,
    "Hex3": 255,
    "Alpha": 0,
    "MembershipPluses": 0,
    "TimeEvent": 0,
    "CacheStatus": 1,
    "TradingStatus": 0,
    "NotificationStatus": 1,
    "StoreCurrency": 0,
    "StoreID": 0,
    "RequestingPartnerID": 0,
    "CacheRequestingPartnerID": 0,
    "WantedPartnerID": 0,
    "WantedObjectID": 0,
    "OwnObjectID": 0,
    "CurrencyMinus": 0.0,
    "ItemMinus": 0
  }
]