[
  {
    "parts": [],
    "Username": "Λlpha",
    "ID": 520309261398573087,
    "Language": null,
    "Restriction": 0,
    "Points": 0,
    "Currency": 500.0,
    "Level": 0,
    "XP": 0,
    "TLastMessage": 61,
    "TLastDaily": 0,
    "NDailySeries": 0,
    "NDailyPermanentSeries": 0,
    "NDailyHighestSeries": 0,
    "Sex": "",
    "DoB": "",
    "DoJ": "",
    "PP": "https://cdn.discordapp.com/attachments/520251669615869954/537365739351310338/530239845625495553.png",
    "Hex1": 0,
    "Hex2": 191,
    "Hex3": 255,
    "Alpha": 0,
    "MembershipPluses": 0,
    "TimeEvent": 0,
    "CacheStatus": 1,
    "TradingStatus": 0,
    "NotificationStatus": 1,
    "StoreCurrency": 0,
    "StoreID": 0,
    "RequestingPartnerID": 0,
    "CacheRequestingPartnerID": 0,
    "WantedPartnerID": 0,
    "WantedObjectID": 0,
    "OwnObjectID": 0,
    "CurrencyMinus": 0.0,
    "ItemMinus": 0
  },
  {
    "parts": [],
    "Username": "King Asder",
    "ID": 372374683670020096,
    "Language": "eng",
    "Restriction": 0,
    "Points": 0,
    "Currency": 500.0,
    "Level": 0,
    "XP": 43,
    "TLastMessage": 33,
    "TLastDaily": 0,
    "NDailySeries": 0,
    "NDailyPermanentSeries": 0,
    "NDailyHighestSeries": 0,
    "Sex": "",
    "DoB": "",
    "DoJ": "",
    "PP": "https://cdn.discordapp.com/attachments/520251669615869954/537365739351310338/530239845625495553.png",
    "Hex1": 0,
    "Hex2": 191,
    "Hex3": 255,
    "Alpha": 0,
    "MembershipPluses": 0,
    "TimeEvent": 0,
    "CacheStatus": 1,
    "TradingStatus": 0,
    "NotificationStatus": 1,
    "StoreCurrency": 0,
    "StoreID": 0,
    "RequestingPartnerID": 0,
    "CacheRequestingPartnerID": 0,
    "WantedPartnerID": 0,
    "WantedObjectID": 0,
    "OwnObjectID": 0,
    "CurrencyMinus": 0.0,
    "ItemMinus": 0
  }
]